{
  "raw": {
    "metrics/precision(B)": 0.9871870562961016,
    "metrics/recall(B)": 0.9799498746867168,
    "metrics/mAP50(B)": 0.9922203685576584,
    "metrics/mAP50-95(B)": 0.7977740691347306,
    "fitness": 0.7977740691347306
  },
  "mAP50": 0.9922203685576584,
  "mAP50_95": 0.7977740691347306,
  "precision": 0.9871870562961016,
  "recall": 0.9799498746867168
}